rank,lname,fname,nation,pts,name
1,Sinner,Jannik,(ITA),11480,"Sinner, Jannik"
2,Alcaraz,Carlos,(ESP),9590,"Alcaraz, Carlos"
3,Zverev,Alexander,(GER),6230,"Zverev, Alexander"
4,Fritz,Taylor,(USA),5575,"Fritz, Taylor"
5,Draper,Jack,(GBR),4440,"Draper, Jack"
6,Shelton,Ben,(USA),4280,"Shelton, Ben"
7,Djokovic,Novak,(SRB),4130,"Djokovic, Novak"
8,de Minaur,Alex,(AUS),3545,"de Minaur, Alex"
9,Khachanov,Karen,XXX,3240,"Khachanov, Karen"
10,Musetti,Lorenzo,(ITA),3205,"Musetti, Lorenzo"
11,Rune,Holger,(DEN),3050,"Rune, Holger"
12,Ruud,Casper,(NOR),2905,"Ruud, Casper"
13,Medvedev,Daniil,XXX,2760,"Medvedev, Daniil"
14,Paul,Tommy,(USA),2610,"Paul, Tommy"
15,Rublev,Andrey,XXX,2610,"Rublev, Andrey"
16,Mensik,Jakub,(CZE),2430,"Mensik, Jakub"
17,Tiafoe,Frances,(USA),2340,"Tiafoe, Frances"
18,Davidovich Fokina,Alejandro,(ESP),2185,"Davidovich Fokina, Alejandro"
19,Cerundolo,Francisco,(ARG),2135,"Cerundolo, Francisco"
20,Fils,Arthur,(FRA),2120,"Fils, Arthur"
21,Lehecka,Jiri,(CZE),2115,"Lehecka, Jiri"
22,Machac,Tomas,(CZE),2110,"Machac, Tomas"
23,Humbert,Ugo,(FRA),2085,"Humbert, Ugo"
24,Bublik,Alexander,(KAZ),2055,"Bublik, Alexander"
25,Dimitrov,Grigor,(BUL),2045,"Dimitrov, Grigor"
26,Cobolli,Flavio,(ITA),2040,"Cobolli, Flavio"
27,Auger-Aliassime,Felix,(CAN),1965,"Auger-Aliassime, Felix"
28,Tsitsipas,Stefanos,(GRE),1790,"Tsitsipas, Stefanos"
29,Shapovalov,Denis,(CAN),1748,"Shapovalov, Denis"
30,Michelsen,Alex,(USA),1665,"Michelsen, Alex"
31,Griekspoor,Tallon,(NED),1655,"Griekspoor, Tallon"
32,Nakashima,Brandon,(USA),1570,"Nakashima, Brandon"
33,Diallo,Gabriel,(CAN),1388,"Diallo, Gabriel"
34,Darderi,Luciano,(ITA),1364,"Darderi, Luciano"
35,Sonego,Lorenzo,(ITA),1315,"Sonego, Lorenzo"
36,Norrie,Cameron,(GBR),1297,"Norrie, Cameron"
37,Popyrin,Alexei,(AUS),1290,"Popyrin, Alexei"
38,Muller,Alexandre,(FRA),1193,"Muller, Alexandre"
39,Mpetshi Perricard,Giovanni,(FRA),1185,"Mpetshi Perricard, Giovanni"
40,Baez,Sebastian,(ARG),1160,"Baez, Sebastian"
41,Moutet,Corentin,(FRA),1146,"Moutet, Corentin"
42,Borges,Nuno,(POR),1145,"Borges, Nuno"
43,Ugo Carabelli,Camilo,(ARG),1123,"Ugo Carabelli, Camilo"
44,Fonseca,Joao,(BRA),1095,"Fonseca, Joao"
45,Kecmanovic,Miomir,(SRB),1086,"Kecmanovic, Miomir"
46,Munar,Jaume,(ESP),1077,"Munar, Jaume"
47,Bautista Agut,Roberto,(ESP),1060,"Bautista Agut, Roberto"
48,Tien,Learner,(USA),1046,"Tien, Learner"
49,Bergs,Zizou,(BEL),1039,"Bergs, Zizou"
50,Monfils,Gael,(FRA),1015,"Monfils, Gael"
51,Bonzi,Benjamin,(FRA),999,"Bonzi, Benjamin"
52,Berrettini,Matteo,(ITA),975,"Berrettini, Matteo"
53,Marozsan,Fabian,(HUN),975,"Marozsan, Fabian"
54,Comesana,Francisco,(ARG),962,"Comesana, Francisco"
55,Giron,Marcos,(USA),960,"Giron, Marcos"
56,Altmaier,Daniel,(GER),952,"Altmaier, Daniel"
57,Thompson,Jordan,(AUS),945,"Thompson, Jordan"
58,Etcheverry,Tomas Martin,(ARG),940,"Etcheverry, Tomas Martin"
59,Fearnley,Jacob,(GBR),939,"Fearnley, Jacob"
60,Dzumhur,Damir,(BIH),933,"Dzumhur, Damir"
61,Cilic,Marin,(CRO),922,"Cilic, Marin"
62,Arnaldi,Matteo,(ITA),915,"Arnaldi, Matteo"
63,Bellucci,Mattia,(ITA),911,"Bellucci, Mattia"
64,Martinez,Pedro,(ESP),910,"Martinez, Pedro"
65,Medjedovic,Hamad,(SRB),907,"Medjedovic, Hamad"
66,Opelka,Reilly,(USA),895,"Opelka, Reilly"
67,Hurkacz,Hubert,(POL),885,"Hurkacz, Hubert"
68,Goffin,David,(BEL),884,"Goffin, David"
69,Atmane,Terence,(FRA),873,"Atmane, Terence"
70,Halys,Quentin,(FRA),873,"Halys, Quentin"
71,Kovacevic,Aleksandar,(USA),859,"Kovacevic, Aleksandar"
72,Djere,Laslo,(SRB),851,"Djere, Laslo"
73,Mannarino,Adrian,(FRA),811,"Mannarino, Adrian"
74,Navone,Mariano,(ARG),810,"Navone, Mariano"
75,Cazaux,Arthur,(FRA),804,"Cazaux, Arthur"
76,Bu,Yunchaokete,(CHN),801,"Bu, Yunchaokete"
77,Rinderknech,Arthur,(FRA),794,"Rinderknech, Arthur"
78,Majchrzak,Kamil,(POL),794,"Majchrzak, Kamil"
79,O'Connell,Christopher,(AUS),784,"O'Connell, Christopher"
80,de Jong,Jesper,(NED),774,"de Jong, Jesper"
81,Quinn,Ethan,(USA),771,"Quinn, Ethan"
82,Walton,Adam,(AUS),763,"Walton, Adam"
83,Nardi,Luca,(ITA),755,"Nardi, Luca"
84,Carballes Baena,Roberto,(ESP),740,"Carballes Baena, Roberto"
85,Cerundolo,Juan Manuel,(ARG),736,"Cerundolo, Juan Manuel"
86,Korda,Sebastian,(USA),735,"Korda, Sebastian"
87,Kopriva,Vit,(CZE),726,"Kopriva, Vit"
88,Nishikori,Kei,(JPN),703,"Nishikori, Kei"
89,Shevchenko,Alexander,(KAZ),692,"Shevchenko, Alexander"
90,Safiullin,Roman,XXX,691,"Safiullin, Roman"
91,Brooksby,Jenson,(USA),687,"Brooksby, Jenson"
92,van de Zandschulp,Botic,(NED),684,"van de Zandschulp, Botic"
93,Vukic,Aleksandar,(AUS),683,"Vukic, Aleksandar"
94,Fucsovics,Marton,(HUN),679,"Fucsovics, Marton"
95,Misolic,Filip,(AUT),677,"Misolic, Filip"
96,Hijikata,Rinky,(AUS),663,"Hijikata, Rinky"
97,Schoolkate,Tristan,(AUS),654,"Schoolkate, Tristan"
98,Svrcina,Dalibor,(CZE),652,"Svrcina, Dalibor"
99,Royer,Valentin,(FRA),643,"Royer, Valentin"
100,Taberner,Carlos,(ESP),643,"Taberner, Carlos"
101,Nava,Emilio,(USA),640,"Nava, Emilio"
102,McDonald,Mackenzie,(USA),639,"McDonald, Mackenzie"
103,Jarry,Nicolas,(CHI),628,"Jarry, Nicolas"
104,Coric,Borna,(CRO),620,"Coric, Borna"
105,Collignon,Raphael,(BEL),608,"Collignon, Raphael"
106,Basavareddy,Nishesh,(USA),593,"Basavareddy, Nishesh"
107,Duckworth,James,(AUS),584,"Duckworth, James"
108,Shang,Juncheng,(CHN),575,"Shang, Juncheng"
109,Basilashvili,Nikoloz,(GEO),567,"Basilashvili, Nikoloz"
110,Moller,Elmer,(DEN),563,"Moller, Elmer"
111,Holt,Brandon,(USA),554,"Holt, Brandon"
112,Mochizuki,Shintaro,(JPN),550,"Mochizuki, Shintaro"
113,Carreno Busta,Pablo,(ESP),549,"Carreno Busta, Pablo"
114,Boyer,Tristan,(USA),546,"Boyer, Tristan"
115,Draxl,Liam,(CAN),543,"Draxl, Liam"
116,Blockx,Alexander,(BEL),542,"Blockx, Alexander"
117,Tirante,Thiago Agustin,(ARG),542,"Tirante, Thiago Agustin"
118,Faria,Jaime,(POR),530,"Faria, Jaime"
119,Tseng,Chun-Hsin,(TPE),529,"Tseng, Chun-Hsin"
120,Klein,Lukas,(SVK),525,"Klein, Lukas"
121,Passaro,Francesco,(ITA),524,"Passaro, Francesco"
122,Dellien,Hugo,(BOL),524,"Dellien, Hugo"
123,Virtanen,Otto,(FIN),515,"Virtanen, Otto"
124,Prizmic,Dino,(CRO),514,"Prizmic, Dino"
125,Gaston,Hugo,(FRA),513,"Gaston, Hugo"
126,Tabilo,Alejandro,(CHI),513,"Tabilo, Alejandro"
127,Garin,Cristian,(CHI),510,"Garin, Cristian"
128,Spizzirri,Eliot,(USA),493,"Spizzirri, Eliot"
129,Lajovic,Dusan,(SRB),489,"Lajovic, Dusan"
130,Ficovich,Juan Pablo,(ARG),487,"Ficovich, Juan Pablo"
131,Gigante,Matteo,(ITA),486,"Gigante, Matteo"
132,Galan,Daniel Elahi,(COL),480,"Galan, Daniel Elahi"
133,Hanfmann,Yannick,(GER),475,"Hanfmann, Yannick"
134,Smith,Colton,(USA),473,"Smith, Colton"
135,Barrios Vera,Tomas,(CHI),473,"Barrios Vera, Tomas"
136,Buse,Ignacio,(PER),473,"Buse, Ignacio"
137,Evans,Daniel,(GBR),471,"Evans, Daniel"
138,Landaluce,Martin,(ESP),468,"Landaluce, Martin"
139,Herbert,Pierre-Hugues,(FRA),461,"Herbert, Pierre-Hugues"
140,Seyboth Wild,Thiago,(BRA),455,"Seyboth Wild, Thiago"
141,Ofner,Sebastian,(AUT),453,"Ofner, Sebastian"
142,Pellegrino,Andrea,(ITA),452,"Pellegrino, Andrea"
143,Svajda,Zachary,(USA),450,"Svajda, Zachary"
144,Burruchaga,Roman Andres,(ARG),431,"Burruchaga, Roman Andres"
145,Struff,Jan-Lennard,(GER),428,"Struff, Jan-Lennard"
146,Wawrinka,Stan,(SUI),417,"Wawrinka, Stan"
147,Lajal,Mark,(EST),413,"Lajal, Mark"
148,Watanuki,Yosuke,(JPN),408,"Watanuki, Yosuke"
149,Nishioka,Yoshihito,(JPN),399,"Nishioka, Yoshihito"
150,Choinski,Jan,(GBR),387,"Choinski, Jan"
151,Harris,Billy,(GBR),382,"Harris, Billy"
152,Mayot,Harold,(FRA),379,"Mayot, Harold"
153,Coria,Federico,(ARG),376,"Coria, Federico"
154,Rodionov,Jurij,(AUT),372,"Rodionov, Jurij"
155,Maestrelli,Francesco,(ITA),364,"Maestrelli, Francesco"
156,Piros,Zsombor,(HUN),362,"Piros, Zsombor"
157,Den Ouden,Guy,(NED),360,"Den Ouden, Guy"
158,Neumayer,Lukas,(AUT),360,"Neumayer, Lukas"
159,Rodesch,Chris,(LUX),356,"Rodesch, Chris"
160,Eubanks,Christopher,(USA),355,"Eubanks, Christopher"
161,Droguet,Titouan,(FRA),355,"Droguet, Titouan"
162,Budkov Kjaer,Nicolai,(NOR),355,"Budkov Kjaer, Nicolai"
163,Gaubas,Vilius,(LTU),345,"Gaubas, Vilius"
164,Meligeni Alves,Felipe,(BRA),340,"Meligeni Alves, Felipe"
165,Habib,Hady,(LBN),332,"Habib, Hady"
166,Jacquet,Kyrian,(FRA),330,"Jacquet, Kyrian"
167,Daniel,Taro,(JPN),328,"Daniel, Taro"
168,Rocha,Henrique,(POR),323,"Rocha, Henrique"
169,Tomic,Bernard,(AUS),322,"Tomic, Bernard"
170,Monteiro,Thiago,(BRA),320,"Monteiro, Thiago"
171,Merida,Daniel,(ESP),318,"Merida, Daniel"
172,Cassone,Murphy,(USA),317,"Cassone, Murphy"
173,Holmgren,August,(DEN),315,"Holmgren, August"
174,Wong,Coleman,(HKG),315,"Wong, Coleman"
175,Pouille,Lucas,(FRA),309,"Pouille, Lucas"
176,Kym,Jerome,(SUI),309,"Kym, Jerome"
177,McCabe,James,(AUS),306,"McCabe, James"
178,Wu,Yibing,(CHN),306,"Wu, Yibing"
179,Galarneau,Alexis,(CAN),306,"Galarneau, Alexis"
180,Tu,Li,(AUS),305,"Tu, Li"
181,Kachmazov,Alibek,XXX,302,"Kachmazov, Alibek"
182,Gasquet,Richard,(FRA),301,"Gasquet, Richard"
183,Trungelliti,Marco,(ARG),301,"Trungelliti, Marco"
184,Blanchet,Ugo,(FRA),295,"Blanchet, Ugo"
185,Hemery,Calvin,(FRA),293,"Hemery, Calvin"
186,Krueger,Mitchell,(USA),292,"Krueger, Mitchell"
187,Trotter,James,(JPN),289,"Trotter, James"
188,Grenier,Hugo,(FRA),288,"Grenier, Hugo"
189,Kypson,Patrick,(USA),288,"Kypson, Patrick"
190,Zhang,Zhizhen,(CHN),285,"Zhang, Zhizhen"
191,Echargui,Moez,(TUN),285,"Echargui, Moez"
192,Zhukayev,Beibit,(KAZ),282,"Zhukayev, Beibit"
193,Skatov,Timofey,(KAZ),282,"Skatov, Timofey"
194,Coppejans,Kimmer,(BEL),281,"Coppejans, Kimmer"
195,Hsu,Yu Hsiou,(TPE),279,"Hsu, Yu Hsiou"
196,Noguchi,Rio,(JPN),276,"Noguchi, Rio"
197,Pinnington Jones,Jack,(GBR),275,"Pinnington Jones, Jack"
198,Kubler,Jason,(AUS),275,"Kubler, Jason"
199,Pavlovic,Luka,(FRA),274,"Pavlovic, Luka"
200,Sakamoto,Rei,(JPN),273,"Sakamoto, Rei"
201,Shimabukuro,Sho,(JPN),273,"Shimabukuro, Sho"
202,Lestienne,Constant,(FRA),272,"Lestienne, Constant"
203,Hassan,Benjamin,(LBN),270,"Hassan, Benjamin"
204,Clarke,Jay,(GBR),270,"Clarke, Jay"
205,Jasika,Omar,(AUS),269,"Jasika, Omar"
206,Gomez,Federico Agustin,(ARG),268,"Gomez, Federico Agustin"
207,Van Assche,Luca,(FRA),267,"Van Assche, Luca"
208,Gueymard Wayenburg,Sascha,(FRA),265,"Gueymard Wayenburg, Sascha"
209,Shimizu,Yuta,(JPN),264,"Shimizu, Yuta"
210,Bueno,Gonzalo,(PER),263,"Bueno, Gonzalo"
211,Rodriguez Taverna,Santiago,(ARG),260,"Rodriguez Taverna, Santiago"
212,Travaglia,Stefano,(ITA),259,"Travaglia, Stefano"
213,Gojo,Borna,(CRO),258,"Gojo, Borna"
214,Stricker,Dominic,(SUI),258,"Stricker, Dominic"
215,Sun,Fajing,(CHN),258,"Sun, Fajing"
216,Cina,Federico,(ITA),257,"Cina, Federico"
217,Dougaz,Aziz,(TUN),256,"Dougaz, Aziz"
218,Onclin,Gauthier,(BEL),255,"Onclin, Gauthier"
219,Moreno De Alboran,Nicolas,(USA),255,"Moreno De Alboran, Nicolas"
220,Bouquier,Arthur,(FRA),254,"Bouquier, Arthur"
221,Vacherot,Valentin,(MON),253,"Vacherot, Valentin"
222,Sachko,Vitaliy,(UKR),253,"Sachko, Vitaliy"
223,Engel,Justin,(GER),253,"Engel, Justin"
224,Bolt,Alex,(AUS),252,"Bolt, Alex"
225,Chidekh,Clement,(FRA),251,"Chidekh, Clement"
226,Pacheco Mendez,Rodrigo,(MEX),250,"Pacheco Mendez, Rodrigo"
227,Uchiyama,Yasutaka,(JPN),247,"Uchiyama, Yasutaka"
228,Huesler,Marc-Andrea,(SUI),244,"Huesler, Marc-Andrea"
229,Barrena,Alex,(ARG),244,"Barrena, Alex"
230,Reis Da Silva,Joao Lucas,(BRA),244,"Reis Da Silva, Joao Lucas"
231,Monday,Johannus,(GBR),242,"Monday, Johannus"
232,Crawford,Oliver,(GBR),241,"Crawford, Oliver"
233,Ymer,Elias,(SWE),241,"Ymer, Elias"
234,Fatic,Nerman,(BIH),239,"Fatic, Nerman"
235,Butvilas,Edas,(LTU),238,"Butvilas, Edas"
236,Kukushkin,Mikhail,(KAZ),236,"Kukushkin, Mikhail"
237,Fery,Arthur,(GBR),235,"Fery, Arthur"
238,Simakin,Ilia,XXX,235,"Simakin, Ilia"
239,Popko,Dmitry,(KAZ),235,"Popko, Dmitry"
240,Durasovic,Viktor,(NOR),234,"Durasovic, Viktor"
241,Collarini,Andrea,(ARG),233,"Collarini, Andrea"
242,Peniston,Ryan,(GBR),232,"Peniston, Ryan"
243,Tabur,Clement,(FRA),228,"Tabur, Clement"
244,Mejia,Nicolas,(COL),227,"Mejia, Nicolas"
245,Kokkinakis,Thanasi,(AUS),225,"Kokkinakis, Thanasi"
246,Loffhagen,George,(GBR),224,"Loffhagen, George"
247,Kotov,Pavel,XXX,222,"Kotov, Pavel"
248,Guillen Meza,Alvaro,(ECU),221,"Guillen Meza, Alvaro"
249,Prado Angelo,Juan Carlos,(BOL),220,"Prado Angelo, Juan Carlos"
250,Gengel,Marek,(CZE),220,"Gengel, Marek"
251,Vallejo,Adolfo Daniel,(PAR),220,"Vallejo, Adolfo Daniel"
252,Gakhov,Ivan,XXX,220,"Gakhov, Ivan"
253,Soto,Matias,(CHI),220,"Soto, Matias"
254,Martin Tiffon,Pol,(ESP),219,"Martin Tiffon, Pol"
255,Karatsev,Aslan,XXX,218,"Karatsev, Aslan"
256,Diaz Acosta,Facundo,(ARG),214,"Diaz Acosta, Facundo"
257,Gea,Arthur,(FRA),212,"Gea, Arthur"
258,Ajdukovic,Duje,(CRO),211,"Ajdukovic, Duje"
259,Olivieri,Genaro Alberto,(ARG),210,"Olivieri, Genaro Alberto"
260,Zeppieri,Giulio,(ITA),209,"Zeppieri, Giulio"
261,Gombos,Norbert,(SVK),209,"Gombos, Norbert"
262,Ferreira Silva,Frederico,(POR),209,"Ferreira Silva, Frederico"
263,Kuzmanov,Dimitar,(BUL),204,"Kuzmanov, Dimitar"
264,Midon,Lautaro,(ARG),204,"Midon, Lautaro"
265,Purtseladze,Saba,(GEO),204,"Purtseladze, Saba"
266,Alvarez Varona,Nicolas,(ESP),201,"Alvarez Varona, Nicolas"
267,Jianu,Filip Cristian,(ROU),201,"Jianu, Filip Cristian"
268,Dodig,Matej,(CRO),200,"Dodig, Matej"
269,Bai,Yan,(CHN),200,"Bai, Yan"
270,Dellien,Murkel,(BOL),200,"Dellien, Murkel"
271,Wu,Tung-Lin,(TPE),199,"Wu, Tung-Lin"
272,Negritu,Christoph,(GER),199,"Negritu, Christoph"
273,Martineau,Matteo,(FRA),199,"Martineau, Matteo"
274,Zahraj,Patrick,(GER),199,"Zahraj, Patrick"
275,Pucinelli De Almeida,Matheus,(BRA),196,"Pucinelli De Almeida, Matheus"
276,Sharipov,Marat,XXX,194,"Sharipov, Marat"
277,Blancaneaux,Geoffrey,(FRA),194,"Blancaneaux, Geoffrey"
278,Michalski,Daniel,(POL),192,"Michalski, Daniel"
279,Poljicak,Mili,(CRO),191,"Poljicak, Mili"
280,Martin,Andres,(USA),189,"Martin, Andres"
281,Erhard,Mathys,(FRA),188,"Erhard, Mathys"
282,Topo,Marko,(GER),185,"Topo, Marko"
283,Pereira,Tiago,(POR),185,"Pereira, Tiago"
284,Cecchinato,Marco,(ITA),184,"Cecchinato, Marco"
285,Rincon,Daniel,(ESP),184,"Rincon, Daniel"
286,Added,Dan,(FRA),184,"Added, Dan"
287,Cui,Jie,(CHN),181,"Cui, Jie"
288,Coulibaly,Eliakim,(CIV),180,"Coulibaly, Eliakim"
289,Brunold,Mika,(SUI),179,"Brunold, Mika"
290,Kolar,Zdenek,(CZE),179,"Kolar, Zdenek"
291,Ramos-Vinolas,Albert,(ESP),178,"Ramos-Vinolas, Albert"
292,Soriano Barrera,Adria,(COL),178,"Soriano Barrera, Adria"
293,Paul,Jakub,(SUI),176,"Paul, Jakub"
294,Sultanov,Khumoyun,(UZB),176,"Sultanov, Khumoyun"
295,Barton,Hynek,(CZE),174,"Barton, Hynek"
296,Sell,Karue,(BRA),173,"Sell, Karue"
297,Sanchez Izquierdo,Nikolas,(ESP),173,"Sanchez Izquierdo, Nikolas"
298,Sanchez Jover,Carlos,(ESP),172,"Sanchez Jover, Carlos"
299,Nagal,Sumit,(IND),169,"Nagal, Sumit"
300,Mayo,Aidan,(USA),168,"Mayo, Aidan"
301,Kicker,Nicolas,(ARG),167,"Kicker, Nicolas"
302,Moro Canas,Alejandro,(ESP),167,"Moro Canas, Alejandro"
303,Johns,Garrett,(USA),165,"Johns, Garrett"
304,Rehberg,Max Hans,(GER),164,"Rehberg, Max Hans"
305,Elias,Gastao,(POR),164,"Elias, Gastao"
306,Vavassori,Andrea,(ITA),163,"Vavassori, Andrea"
307,Prihodko,Oleg,(UKR),163,"Prihodko, Oleg"
308,Denolly,Corentin,(FRA),163,"Denolly, Corentin"
309,Geerts,Michael,(BEL),163,"Geerts, Michael"
310,Bax,Florent,(FRA),162,"Bax, Florent"
311,Houkes,Max,(NED),162,"Houkes, Max"
312,Rybakov,Alex,(USA),162,"Rybakov, Alex"
313,Schwaerzler,Joel,(AUT),162,"Schwaerzler, Joel"
314,Ritschard,Alexander,(SUI),161,"Ritschard, Alexander"
315,Bertrand,Robin,(FRA),161,"Bertrand, Robin"
316,Zhou,Yi,(CHN),160,"Zhou, Yi"
317,Sakellaridis,Stefanos,(GRE),160,"Sakellaridis, Stefanos"
318,Yevseyev,Denis,(KAZ),160,"Yevseyev, Denis"
319,Varillas,Juan Pablo,(PER),159,"Varillas, Juan Pablo"
320,Vatutin,Alexey,XXX,158,"Vatutin, Alexey"
321,Escoffier,Antoine,(FRA),158,"Escoffier, Antoine"
322,Zheng,Michael,(USA),157,"Zheng, Michael"
323,Bar Biryukov,Petr,157,0,"Bar Biryukov, Petr"
324,Maloney,Patrick,(USA),157,"Maloney, Patrick"
325,Brouwer,Gijs,(NED),156,"Brouwer, Gijs"
326,Mmoh,Michael,(USA),156,"Mmoh, Michael"
327,Heide,Gustavo,(BRA),155,"Heide, Gustavo"
328,Zink,Tyler,(USA),155,"Zink, Tyler"
329,Sels,Jelle,(NED),155,"Sels, Jelle"
330,Cid Subervi,Roberto,(DOM),154,"Cid Subervi, Roberto"
331,Torres,Juan Bautista,(ARG),154,"Torres, Juan Bautista"
332,Bouzige,Moerani,(AUS),154,"Bouzige, Moerani"
333,Henning,Philip,(RSA),152,"Henning, Philip"
334,Dutra da Silva,Daniel,(BRA),152,"Dutra da Silva, Daniel"
335,Strombachs,Robert,(LAT),151,"Strombachs, Robert"
336,Boscardin Dias,Pedro,(BRA),151,"Boscardin Dias, Pedro"
337,Gray,Alastair,(GBR),149,"Gray, Alastair"
338,Andrade,Andres,(ECU),148,"Andrade, Andres"
339,Dedura,Diego,(GER),147,"Dedura, Diego"
340,Giustino,Lorenzo,(ITA),147,"Giustino, Lorenzo"
341,Martin,Andrej,(SVK),146,"Martin, Andrej"
342,Mikrut,Luka,(CRO),146,"Mikrut, Luka"
343,Nanda,Govind,(USA),145,"Nanda, Govind"
344,Justo,Guido Ivan,(ARG),144,"Justo, Guido Ivan"
345,Nakagawa,Naoki,(JPN),143,"Nakagawa, Naoki"
346,Piraino,Gabriele,(ITA),143,"Piraino, Gabriele"
347,Paris,Tom,(FRA),142,"Paris, Tom"
348,Glinka,Daniil,(EST),142,"Glinka, Daniil"
349,Perez,Alfredo,(USA),141,"Perez, Alfredo"
350,Bertola,Remy,(SUI),141,"Bertola, Remy"
351,Shelbayh,Abdullah,(JOR),141,"Shelbayh, Abdullah"
352,Rosenkranz,Mats,(GER),140,"Rosenkranz, Mats"
353,Harris,Lloyd,(RSA),139,"Harris, Lloyd"
354,Boitan,Gabi Adrian,(ROU),138,"Boitan, Gabi Adrian"
355,Llamas Ruiz,Pablo,(ESP),136,"Llamas Ruiz, Pablo"
356,Oliveira,Gonzalo,(VEN),136,"Oliveira, Gonzalo"
357,Picchione,Andrea,(ITA),136,"Picchione, Andrea"
358,Poullain,Lucas,(FRA),136,"Poullain, Lucas"
359,Debru,Gabriel,(FRA),135,"Debru, Gabriel"
360,Montes-De La Torre,Inaki,(ESP),135,"Montes-De La Torre, Inaki"
361,Arnaboldi,Federico,(ITA),135,"Arnaboldi, Federico"
362,Molcan,Alex,(SVK),134,"Molcan, Alex"
363,Jubb,Paul,(GBR),134,"Jubb, Paul"
364,Karol,Milos,(SVK),134,"Karol, Milos"
365,Berrettini,Jacopo,(ITA),133,"Berrettini, Jacopo"
366,Langmo,Christian,(USA),133,"Langmo, Christian"
367,Villanueva,Gonzalo,(ARG),133,"Villanueva, Gonzalo"
368,Jones,Maximus,(THA),133,"Jones, Maximus"
369,Barrere,Gregoire,(FRA),132,"Barrere, Gregoire"
370,Ellis,Blake,(AUS),132,"Ellis, Blake"
371,Chung,Hyeon,(KOR),132,"Chung, Hyeon"
372,Moriya,Hiroki,(JPN),132,"Moriya, Hiroki"
373,Brancaccio,Raul,(ITA),132,"Brancaccio, Raul"
374,Binda,Alexandr,(ITA),132,"Binda, Alexandr"
375,Berankis,Ricardas,(LTU),130,"Berankis, Ricardas"
376,Andaloro,Fabrizio,(ITA),130,"Andaloro, Fabrizio"
377,Tarvet,Oliver,(GBR),129,"Tarvet, Oliver"
378,Ovcharenko,Oleksandr,(UKR),129,"Ovcharenko, Oleksandr"
379,Molleker,Rudolf,(GER),129,"Molleker, Rudolf"
380,Bailly,Gilles Arnaud,(BEL),129,"Bailly, Gilles Arnaud"
381,Gulin,Svyatoslav,XXX,129,"Gulin, Svyatoslav"
382,Samrej,Kasidit,(THA),129,"Samrej, Kasidit"
383,Ionel,Nicholas David,(ROU),128,"Ionel, Nicholas David"
384,Hussey,Giles,(GBR),127,"Hussey, Giles"
385,Lokoli,Laurent,(FRA),126,"Lokoli, Laurent"
386,Nedic,Andrej,(BIH),126,"Nedic, Andrej"
387,Andreev,Adrian,(BUL),125,"Andreev, Adrian"
388,Kopp,Sandro,(AUT),125,"Kopp, Sandro"
389,Roca Batalla,Oriol,(ESP),125,"Roca Batalla, Oriol"
390,Ambrogi,Luciano Emanuel,(ARG),125,"Ambrogi, Luciano Emanuel"
391,Feldbausch,Kilian,(SUI),124,"Feldbausch, Kilian"
392,Shah,Aryan,(IND),124,"Shah, Aryan"
393,Gentzsch,Tom,(GER),123,"Gentzsch, Tom"
394,Albot,Radu,(MDA),122,"Albot, Radu"
395,Jodar,Rafael,(ESP),122,"Jodar, Rafael"
396,Neuchrist,Maximilian,(AUT),122,"Neuchrist, Maximilian"
397,Mena,Facundo,(ARG),121,"Mena, Facundo"
398,Ilagan,Andre,(USA),121,"Ilagan, Andre"
399,Fonio,Giovanni,(ITA),119,"Fonio, Giovanni"
400,Roncadelli,Franco,(URU),119,"Roncadelli, Franco"
401,Singh,Karan,(IND),119,"Singh, Karan"
402,Barranco Cosano,Javier,(ESP),118,"Barranco Cosano, Javier"
403,Searle,Henry,(GBR),118,"Searle, Henry"
404,Shin,Sanhui,(KOR),118,"Shin, Sanhui"
405,Zapata Miralles,Bernabe,(ESP),117,"Zapata Miralles, Bernabe"
406,Olivo,Renzo,(ARG),116,"Olivo, Renzo"
407,Pokorny,Lukas,(SVK),116,"Pokorny, Lukas"
408,Wallin,Olle,(SWE),116,"Wallin, Olle"
409,Blanch,Darwin,(USA),115,"Blanch, Darwin"
410,Imamura,Masamichi,(JPN),115,"Imamura, Masamichi"
411,Damas,Miguel,(ESP),115,"Damas, Miguel"
412,Dostanic,Stefan,(USA),114,"Dostanic, Stefan"
413,Novak,Dennis,(AUT),114,"Novak, Dennis"
414,Bondioli,Federico,(ITA),114,"Bondioli, Federico"
415,Kestelboim,Mariano,(ARG),113,"Kestelboim, Mariano"
416,Alcala Gurri,Max,(ESP),113,"Alcala Gurri, Max"
417,Aguilar,Juan Carlos,(CAN),112,"Aguilar, Juan Carlos"
418,Dellavedova,Matthew,(AUS),112,"Dellavedova, Matthew"
419,Marti Pujolras,Alex,(ESP),111,"Marti Pujolras, Alex"
420,Edmund,Kyle,(GBR),110,"Edmund, Kyle"
421,Marmousez,Lilian,(FRA),109,"Marmousez, Lilian"
422,Takahashi,Yusuke,(JPN),109,"Takahashi, Yusuke"
423,Nicod,Jakub,(CZE),107,"Nicod, Jakub"
424,Mrva,Maxim,(CZE),107,"Mrva, Maxim"
425,Broom,Charles,(GBR),107,"Broom, Charles"
426,Compagnucci,Tommaso,(ITA),107,"Compagnucci, Tommaso"
427,Kodat,Toby,(USA),107,"Kodat, Toby"
428,Kasnikowski,Maks,(POL),106,"Kasnikowski, Maks"
429,Damm,Martin,(USA),106,"Damm, Martin"
430,Dalla Valle,Enrico,(ITA),106,"Dalla Valle, Enrico"
431,Oberleitner,Neil,(AUT),106,"Oberleitner, Neil"
432,Van Wyk,Kris,(RSA),106,"Van Wyk, Kris"
433,Agamenone,Franco,(ITA),106,"Agamenone, Franco"
434,Brunclik,Petr,(CZE),105,"Brunclik, Petr"
435,Squire,Henri,(GER),105,"Squire, Henri"
436,Riedi,Leandro,(SUI),104,"Riedi, Leandro"
437,Moeller,Marvin,(GER),104,"Moeller, Marvin"
438,Wiskandt,Max,(GER),104,"Wiskandt, Max"
439,Sweeny,Dane,(AUS),104,"Sweeny, Dane"
440,Nijboer,Ryan,(NED),104,"Nijboer, Ryan"
441,Blanch,Dali,(USA),103,"Blanch, Dali"
442,Bielinskyi,Viacheslav,(UKR),101,"Bielinskyi, Viacheslav"
443,Sakamoto,Pedro,(BRA),101,"Sakamoto, Pedro"
444,Polmans,Marc,(AUS),100,"Polmans, Marc"
445,Colson,Tibo,(BEL),100,"Colson, Tibo"
446,Marterer,Maximilian,(GER),99,"Marterer, Maximilian"
447,Stewart,Hamish,(GBR),99,"Stewart, Hamish"
448,Radulov,Iliyan,(BUL),99,"Radulov, Iliyan"
449,Matusevich,Anton,(GBR),98,"Matusevich, Anton"
450,Krutykh,Oleksii,(UKR),98,"Krutykh, Oleksii"
451,Kozlov,Stefan,(USA),97,"Kozlov, Stefan"
452,Casanova,Hernan,(ARG),97,"Casanova, Hernan"
453,Kirkin,Ergi,(TUR),97,"Kirkin, Ergi"
454,Parker,Stuart,(GBR),97,"Parker, Stuart"
455,Rodriguez,Lorenzo Joaquin,(ARG),97,"Rodriguez, Lorenzo Joaquin"
456,Campana Lee,Gerard,(KOR),96,"Campana Lee, Gerard"
457,Martin,Dan,(CAN),95,"Martin, Dan"
458,Ghibaudo,Antoine,(FRA),95,"Ghibaudo, Antoine"
459,Artnak,Bor,(SLO),94,"Artnak, Bor"
460,Nesterov,Petr,(BUL),94,"Nesterov, Petr"
461,Delaney,Jake,(AUS),94,"Delaney, Jake"
462,Koepfer,Dominik,(GER),93,"Koepfer, Dominik"
463,Hernandez,Alex,(MEX),93,"Hernandez, Alex"
464,Mckennon,Maxwell,(USA),93,"Mckennon, Maxwell"
465,Bagnis,Facundo,(ARG),92,"Bagnis, Facundo"
466,Thanos,Aristotelis,(GRE),92,"Thanos, Aristotelis"
467,Shin,Woobin,(KOR),92,"Shin, Woobin"
468,Jorda Sanchis,David,(ESP),90,"Jorda Sanchis, David"
469,Djuric,Branko,(SRB),90,"Djuric, Branko"
470,Pennaforti,Gabriele,(ITA),90,"Pennaforti, Gabriele"
471,Pieczkowski,Olaf,(POL),90,"Pieczkowski, Olaf"
472,Sasikumar,Mukund,(IND),89,"Sasikumar, Mukund"
473,Tudorica,Alvin Nicholas,(CAN),89,"Tudorica, Alvin Nicholas"
474,Isomura,Kokoro,(JPN),88,"Isomura, Kokoro"
475,Tokuda,Renta,(JPN),87,"Tokuda, Renta"
476,Kumasaka,Takuya,(JPN),87,"Kumasaka, Takuya"
477,Aboian,Valerio,(ARG),87,"Aboian, Valerio"
478,Borg,Leo,(SWE),87,"Borg, Leo"
479,Vylegzhanin,Nikolay,XXX,87,"Vylegzhanin, Nikolay"
480,Vanshelboim,Eric,(UKR),86,"Vanshelboim, Eric"
481,Fomin,Sergey,(UZB),86,"Fomin, Sergey"
482,Wendelken,Harry,(GBR),86,"Wendelken, Harry"
483,Lamasine,Tristan,(FRA),85,"Lamasine, Tristan"
484,Castelnuovo,Luca,(SUI),85,"Castelnuovo, Luca"
485,Potenza,Luca,(ITA),85,"Potenza, Luca"
486,Krumich,Martin,(CZE),85,"Krumich, Martin"
487,Matsuda,Ryuki,(JPN),85,"Matsuda, Ryuki"
488,Paroulek,Tadeas,(CZE),84,"Paroulek, Tadeas"
489,Caniato,Carlo Alberto,(ITA),84,"Caniato, Carlo Alberto"
490,Ursu,Vadym,(UKR),84,"Ursu, Vadym"
491,Arutiunian,Erik,XXX,84,"Arutiunian, Erik"
492,Banerjee,Samir,(USA),83,"Banerjee, Samir"
493,Tomescu,Dan Alexandru,(ROU),83,"Tomescu, Dan Alexandru"
494,Smith,Keegan,(USA),83,"Smith, Keegan"
495,Couacaud,Enzo,(FRA),82,"Couacaud, Enzo"
496,Araujo,Pedro,(POR),82,"Araujo, Pedro"
497,Arseneault,Nicolas,(CAN),81,"Arseneault, Nicolas"
498,Svajda,Trevor,(USA),81,"Svajda, Trevor"
499,Forejtek,Jonas,(CZE),81,"Forejtek, Jonas"
500,Alves,Mateus,(BRA),81,"Alves, Mateus"
